{"ResultList":[{"Index":0,"Entities":[{"Score":0.9665026664733887,"Type":"LOCATION","Text":"Austin","BeginOffset":3,"EndOffset":9},{"Score":0.9548805356025696,"Type":"QUANTITY","Text":"sixty degrees","BeginOffset":16,"EndOffset":29},{"Score":0.8122286796569824,"Type":"PERSON","Text":"Alexa","BeginOffset":35,"EndOffset":48},{"Score":0.8010004162788391,"Type":"TITLE","Text":"Amazon","BeginOffset":57,"EndOffset":69},{"Score":0.8372896313667297,"Type":"DATE","Text":"this morning","BeginOffset":76,"EndOffset":88},{"Score":0.9078927636146545,"Type":"QUANTITY","Text":"thirty two years","BeginOffset":289,"EndOffset":305},{"Score":0.6203833222389221,"Type":"LOCATION","Text":"Mars","BeginOffset":432,"EndOffset":436},{"Score":0.9911414384841919,"Type":"LOCATION","Text":"Mars","BeginOffset":498,"EndOffset":502},{"Score":0.9943591952323914,"Type":"PERSON","Text":"Brandon","BeginOffset":822,"EndOffset":829},{"Score":0.9854820966720581,"Type":"PERSON","Text":"Brandon","BeginOffset":842,"EndOffset":849},{"Score":0.996870219707489,"Type":"PERSON","Text":"Jessica","BeginOffset":922,"EndOffset":929}]}],"ErrorList":[]}