{"ResultList":[{"Index":0,"KeyPhrases":[{"Score":0.9815484881401062,"Text":"Austin","BeginOffset":3,"EndOffset":9},{"Score":0.9877123236656189,"Text":"sixty degrees","BeginOffset":16,"EndOffset":29},{"Score":0.996451735496521,"Text":"Amazons Alexa","BeginOffset":35,"EndOffset":48},{"Score":0.8667553067207336,"Text":"lost","BeginOffset":51,"EndOffset":56},{"Score":0.7302924990653992,"Text":"The Lost","BeginOffset":57,"EndOffset":65},{"Score":0.9787558317184448,"Text":"Her voice","BeginOffset":66,"EndOffset":75},{"Score":0.9954520463943481,"Text":"this morning","BeginOffset":76,"EndOffset":88},{"Score":0.9712727069854736,"Text":"lost voice","BeginOffset":94,"EndOffset":104},{"Score":0.9951300024986267,"Text":"the replacements","BeginOffset":140,"EndOffset":156},{"Score":0.9979283213615417,"Text":"the word","BeginOffset":173,"EndOffset":181},{"Score":0.99856036901474,"Text":"a recipe","BeginOffset":232,"EndOffset":240},{"Score":0.9830463528633118,"Text":"a grilled cheese sandwich","BeginOffset":245,"EndOffset":270},{"Score":0.4128028452396393,"Text":"Pathetic","BeginOffset":272,"EndOffset":280},{"Score":0.8743853569030762,"Text":"thirty two years","BeginOffset":289,"EndOffset":305},{"Score":0.9966840147972107,"Text":"age","BeginOffset":309,"EndOffset":312},{"Score":0.988130509853363,"Text":"a grilled cheese sandwich","BeginOffset":341,"EndOffset":366},{"Score":0.997202455997467,"Text":"Its name","BeginOffset":368,"EndOffset":376},{"Score":0.9907795190811157,"Text":"the recipe","BeginOffset":380,"EndOffset":390},{"Score":0.9036043882369995,"Text":"Mars","BeginOffset":432,"EndOffset":436},{"Score":0.9997146725654602,"Text":"a video","BeginOffset":461,"EndOffset":468},{"Score":0.9988868832588196,"Text":"this guy","BeginOffset":472,"EndOffset":480},{"Score":0.9987133741378784,"Text":"Mars","BeginOffset":498,"EndOffset":502},{"Score":0.9924026131629944,"Text":"a foot","BeginOffset":508,"EndOffset":514},{"Score":0.7657976150512695,"Text":"even a lot","BeginOffset":528,"EndOffset":538},{"Score":0.9522478580474854,"Text":"Alexa","BeginOffset":542,"EndOffset":550},{"Score":0.9972115159034729,"Text":"the mood","BeginOffset":555,"EndOffset":563},{"Score":0.998165488243103,"Text":"the mood","BeginOffset":577,"EndOffset":585},{"Score":0.9979225993156433,"Text":"the bush","BeginOffset":597,"EndOffset":605},{"Score":0.9146329164505005,"Text":"a dirty and so sweaty","BeginOffset":622,"EndOffset":645},{"Score":0.9952155947685242,"Text":"that bush","BeginOffset":667,"EndOffset":676},{"Score":0.9852361679077148,"Text":"bush reboot","BeginOffset":687,"EndOffset":698},{"Score":0.9856935739517212,"Text":"country music","BeginOffset":714,"EndOffset":727},{"Score":0.6047420501708984,"Text":"money","BeginOffset":740,"EndOffset":745},{"Score":0.8596835732460022,"Text":"no country music","BeginOffset":756,"EndOffset":772},{"Score":0.9959951043128967,"Text":"the bottom","BeginOffset":801,"EndOffset":811},{"Score":0.9209550023078918,"Text":"Brandon","BeginOffset":817,"EndOffset":829},{"Score":0.9975306391716003,"Text":"Brandon","BeginOffset":842,"EndOffset":849},{"Score":0.9903301000595093,"Text":"a little","BeginOffset":853,"EndOffset":861},{"Score":0.8493615984916687,"Text":"Jessica","BeginOffset":922,"EndOffset":929},{"Score":0.9742943644523621,"Text":"guys","BeginOffset":939,"EndOffset":943}]}],"ErrorList":[]}